[
  {
    "id": 1,
    "image": "./Gears5.png",
    "title": "Gears 5",
    "date": "2019",
    "developer": "Microsoft",
    "url": "https://en.wikipedia.org/wiki/Gears_5",
    "submitter": "Jill",
    "votes": 0
  },
  {
    "id": 2,
    "image": "./Forza.png",
    "title": "Forza Horizon 4",
    "date": "2019",
    "developer": "Microsoft",
    "url": "https://en.wikipedia.org/wiki/Forza_Horizon_4",
    "submitter": "Bob",
    "votes": 0
  },
  {
    "id": 3,
    "image": "./ACOdyssey.png",
    "title": "Assassin's Creed Odyssey",
    "date": "2018",
    "developer": "Ubisoft",
    "url": "https://en.wikipedia.org/wiki/Assassin%27s_Creed_Odyssey",
    "submitter": "Pedro",
    "votes": 0
  },
  {
    "id": 4,
    "image": "./League.png",
    "title": "League of Legends",
    "date": "2009",
    "developer": "Riot Games",
    "url": "https://en.wikipedia.org/wiki/League_of_Legends",
    "submitter": "Zane",
    "votes": 0
  }
]